model,n,r2,r2_adj,coef_pick,pval_pick,coef_post,pval_post,coef_interact,pval_interact
M1_baseline,6095,0.0039,0.0037,-0.00183,0.0,,,,
M2_era,6095,0.0063,0.006,-0.00177,0.0,-0.04515,0.0,,
M3_interaction,6095,0.0072,0.0067,-0.0024,0.0,-0.08267,0.0,0.00182,0.0237
M4_log_pick,6095,0.0071,0.0067,,,-0.12468,0.0,,
M5_WS_robust,6095,0.0244,0.0239,0.0119,0.0,-0.23597,0.0,0.001409,0.5655
M6_BPM_injury,6095,0.0599,0.0595,-0.03302,0.0,0.11212,0.1319,-0.000385,0.9307
