breakpoint,n,r2,interaction_coef,interaction_pval
2010,6163,0.0068,0.001809,0.0244
2012,6163,0.0075,0.000952,0.2277
2014,6163,0.0067,0.00127,0.1521
