pick_bin,era,n_player_seasons,VORP_per_1M_mean,VORP_per_1M_med,VORP_per_1M_std,WS_per_1M_mean,WS_per_1M_med,avg_salary_M,avg_VORP,avg_WS,avg_BPM,bust_rate,sharpe_analog
Top 5,Pre-Analytics,789,0.25074214462720595,0.1699999999999999,0.3646117923327968,0.8697753055003694,0.6005056890012642,10.327577855513308,2.0787072243346008,5.674144486692015,1.3776932826362485,0.12420785804816223,0.6876962015489144
Top 5,Post-Analytics,315,0.135865100210752,0.0806303829943192,0.27032022822279383,0.6002807924478731,0.3910731045990197,12.061405904761905,1.3447619047619048,4.172380952380952,0.5771428571428572,0.19047619047619047,0.5026079664995474
Picks 6-14,Pre-Analytics,983,0.19182422573210492,0.1063264221158958,0.4199819926140652,0.9567207528437334,0.6,6.530676217700916,1.0379450661241099,3.8050864699898272,-0.38738555442522893,0.237029501525941,0.4567439297531461
Picks 6-14,Post-Analytics,573,0.1460693305824981,0.0787087855218652,0.3172028780785048,0.7980212635188134,0.4973333606866681,7.984674973821989,0.8511343804537521,3.3150087260034904,-0.4108202443280977,0.23909249563699825,0.4604918198325656
Picks 15-30,Pre-Analytics,1367,0.1802941274338893,0.0850166632660001,0.47967339327796965,1.2190143260508413,0.7022562322314543,4.804463005120702,0.6617410387710315,3.123335771762985,-0.9874908558888077,0.2940746159473299,0.3758685179551105
Picks 15-30,Post-Analytics,644,0.1487922322612163,0.07795138888888885,0.39111912324674053,0.9601244437168169,0.49136676066059504,6.449867774844721,0.7332298136645963,3.0096273291925466,-0.6526397515527951,0.2795031055900621,0.3804268914955344
Second Round,Pre-Analytics,930,0.13210827035102427,0.0907486204718866,0.497379785362188,1.3391783905210097,0.7527751054261534,4.124412609677419,0.5333333333333333,2.7535483870967745,-1.217204301075269,0.3365591397849462,0.2656084429624016
Second Round,Post-Analytics,562,0.12519847469808604,0.0617069119146173,0.5084739210138275,1.189898144548736,0.6602551988415213,4.861747279359431,0.5113879003558719,2.5295373665480425,-1.0980427046263346,0.3185053380782918,0.24622398420838848
